TimeStamp,DealId,Server,ClientId,OrderId,Side,State,Instrument,Volume,MtPrice,BankPrice,Book,AccountGroup,Comment,Data
5/6/2014 8:08:03 AM,O42939074,Mt4Micro2,915721,42939074,Buy,OpenNormal,GBPUSD,100000.000000,0,1.693290,A,live_GBP_ME_00,,Alpari.QDF.Domain.Deal
5/6/2014 8:08:05 AM,31933368,Mt5Pro,8006337,52704518,Sell,OpenNormal,GBPUSD,10000.000000,0,1.693490,B,B\UK\EUR, ,Alpari.QDF.Domain.Deal
5/6/2014 8:08:07 AM,C42899689,Mt4Micro2,42944,42899689,Sell,ClosedNormal,AUDUSD,10000.000000,0,0.930850,A,liveUSD,,Alpari.QDF.Domain.Deal
5/6/2014 8:08:08 AM,O42939075,Mt4Micro2,910323,42939075,Sell,OpenNormal,EURUSD,5000.000000,0,1.391660,A,liveGBP,,Alpari.QDF.Domain.Deal
5/6/2014 8:08:09 AM,31933375,Mt5Pro,8007205,52704523,Buy,OpenNormal,CHFJPY,101000.000000,0,116.573000,B,B\ME\USD, ,Alpari.QDF.Domain.Deal
5/6/2014 8:08:10 AM,O42260782,Mt4Classic2,777232,42260782,Sell,OpenNormal,XAGUSD,5000.000000,0,19.697000,B,live_USD_ME_00,,Alpari.QDF.Domain.Deal
5/6/2014 8:08:10 AM,O42260782,Mt4Classic2,777232,42260782,Sell,OpenNormal,XAGUSD,5000.000000,0,19.697000,B,live_USD_ME_00,,Alpari.QDF.Domain.Deal
5/6/2014 8:08:11 AM,C42916982,Mt4Micro2,914412,42916982,Buy,ClosedNormal,AUDUSD,1000.000000,0,0.930570,A,live_EUR_DE,GFX Copenhagen,Alpari.QDF.Domain.Deal
5/6/2014 8:08:11 AM,C600108645,Mt4Market1,1500584,600108645,Buy,ClosedNormal,AUDUSD,1000.000000,0,0.930570,A,liveEUR,GFX Copenhagen,Alpari.QDF.Domain.Deal
5/6/2014 8:08:12 AM,C42916965,Mt4Micro2,46820,42916965,Buy,ClosedNormal,AUDUSD,1000.000000,0,0.930570,A,liveEUR,GFX Copenhagen,Alpari.QDF.Domain.Deal
5/6/2014 8:08:12 AM,C42916967,Mt4Micro2,916574,42916967,Buy,ClosedNormal,AUDUSD,1000.000000,0,0.930570,A,liveUSD,GFX Copenhagen,Alpari.QDF.Domain.Deal
5/6/2014 8:08:12 AM,C42916968,Mt4Micro2,911619,42916968,Buy,ClosedNormal,AUDUSD,1000.000000,0,0.930490,A,live_USD_ME_15,GFX Copenhagen,Alpari.QDF.Domain.Deal
5/6/2014 8:08:12 AM,C42916972,Mt4Micro2,917259,42916972,Buy,ClosedNormal,AUDUSD,1000.000000,0,0.930490,A,liveUSD_ME_15sf,GFX Copenhagen,Alpari.QDF.Domain.Deal
5/6/2014 8:08:12 AM,C43378191,Mt4Micro1,877876,43378191,Buy,ClosedNormal,AUDUSD,1000.000000,0,0.930570,A,live_EUR_DE,GFX Copenhagen,Alpari.QDF.Domain.Deal
5/6/2014 8:08:12 AM,C43378192,Mt4Micro1,867593,43378192,Buy,ClosedNormal,AUDUSD,1000.000000,0,0.930570,A,live_USD_IB_00,GFX Copenhagen,Alpari.QDF.Domain.Deal
5/6/2014 8:08:12 AM,C600108647,Mt4Market1,1500363,600108647,Buy,ClosedNormal,AUDUSD,3000.000000,0,0.930570,A,liveUSD,{320951488}                    ,Alpari.QDF.Domain.Deal
5/6/2014 8:08:12 AM,O42939078,Mt4Micro2,914089,42939078,Sell,OpenNormal,AUDUSD,1000.000000,0,0.930920,A,liveGBP_Zulu,AAgAnxwBLAAAAUWlViHx,Alpari.QDF.Domain.Deal
5/6/2014 8:08:12 AM,O42939078,Mt4Micro2,914089,42939078,Sell,OpenNormal,AUDUSD,1000.000000,0,0.930920,A,liveGBP_Zulu,AAgAnxwBLAAAAUWlViHx,Alpari.QDF.Domain.Deal
5/6/2014 8:08:12 AM,O42939078,Mt4Micro2,914089,42939078,Sell,OpenNormal,AUDUSD,1000.000000,0,0.930920,A,liveGBP_Zulu,AAgAnxwBLAAAAUWlViHx,Alpari.QDF.Domain.Deal
5/6/2014 8:08:13 AM,C42916973,Mt4Micro2,917093,42916973,Buy,ClosedNormal,AUDUSD,1000.000000,0,0.930520,A,RTL_USD_NCN_1,GFX Copenhagen,Alpari.QDF.Domain.Deal
5/6/2014 8:08:13 AM,C42938903,Mt4Micro2,906463,42938903,Buy,ClosedNormal,USDCHF,46000.000000,0,0.875050,A,liveUSD,,Alpari.QDF.Domain.Deal
5/6/2014 8:08:14 AM,B201412605CUB00,Currenex,AUKUS2102,B201412605CUA00,Sell,OpenNormal,EURUSD,1500000.0,0,1.39171,B,LUCRORCAPITAL MARKETS,1,Alpari.QDF.Domain.Deal
5/6/2014 8:08:14 AM,B201412605CUD00,Currenex,AUKUS2102,B201412605CUC00,Sell,OpenNormal,EURUSD,500000.0,0,1.3917,B,LUCRORCAPITAL MARKETS,1,Alpari.QDF.Domain.Deal
5/6/2014 8:08:14 AM,O7706176,Mt4Pro,8862,7706176,Sell,OpenNormal,EURUSD,50000.000000,0,1.391720,A,BookB_EUR_iii,,Alpari.QDF.Domain.Deal
5/6/2014 8:08:14 AM,O7706176,Mt4Pro,8862,7706176,Sell,OpenNormal,EURUSD,50000.000000,0,1.391720,A,BookB_EUR_iii,,Alpari.QDF.Domain.Deal
5/6/2014 8:08:14 AM,O7706176,Mt4Pro,8862,7706176,Sell,OpenNormal,EURUSD,50000.000000,0,1.391720,A,BookB_EUR_iii,,Alpari.QDF.Domain.Deal
5/6/2014 8:08:15 AM,O42939083,Mt4Micro2,916537,42939083,Sell,OpenNormal,EURUSD,5000.000000,0,1.391750,A,liveEUR,POS_CLAS_1022000,Alpari.QDF.Domain.Deal
5/6/2014 8:08:15 AM,31933378,Mt5Pro,8007359,52704419,Buy,OpenNormal,GBPCHF,20000.000000,0,1.481860,B,B\UK\EUR, ,Alpari.QDF.Domain.Deal
5/6/2014 8:08:15 AM,O42939083,Mt4Micro2,916537,42939083,Sell,ClosedNormal,EURUSD,5000.000000,0,1.391750,A,liveEUR,POS_CLAS_1022000,Alpari.QDF.Domain.Deal
5/6/2014 8:08:15 AM,O42260783,Mt4Classic2,777663,42260783,Sell,OpenNormal,EURUSD,90000.000000,0,1.391760,A,live_EUR_DE,,Alpari.QDF.Domain.Deal
5/6/2014 8:08:15 AM,31933379,Mt5Pro,8002890,52704539,Buy,OpenNormal,EURUSD,1000.000000,0,1.391630,B,B\UK\USD, ,Alpari.QDF.Domain.Deal
5/6/2014 8:08:15 AM,O42260784,Mt4Classic2,767487,42260784,Buy,OpenNormal,EURUSD,100000.000000,0,1.391500,A,liveUSD,,Alpari.QDF.Domain.Deal
5/6/2014 8:08:16 AM,B201412605CUG00,Currenex,AUKUS2102,B201412605CUF00,Sell,OpenNormal,EURUSD,2000000.0,0,1.3917,B,LUCRORCAPITAL MARKETS,1,Alpari.QDF.Domain.Deal
5/6/2014 8:08:16 AM,O42939084,Mt4Micro2,911867,42939084,Buy,OpenNormal,GBPUSD,20000.000000,0,1.693340,A,live_EUR_DE,,Alpari.QDF.Domain.Deal
5/6/2014 8:08:18 AM,C42229877,Mt4Classic2,777858,42229877,Buy,ClosedNormal,GBPUSD,20000.000000,0,1.693340,A,liveUSD,,Alpari.QDF.Domain.Deal
5/6/2014 8:08:19 AM,C42826083,Mt4Micro2,917093,42826083,Buy,ClosedNormal,AUDUSD,1000.000000,0,0.930520,A,RTL_USD_NCN_1,GFX Copenhagen,Alpari.QDF.Domain.Deal
5/6/2014 8:08:19 AM,C42847878,Mt4Micro2,914412,42847878,Buy,ClosedNormal,AUDUSD,1000.000000,0,0.930570,A,live_EUR_DE,GFX Copenhagen,Alpari.QDF.Domain.Deal
5/6/2014 8:08:19 AM,C42861330,Mt4Micro2,911619,42861330,Buy,ClosedNormal,AUDUSD,1000.000000,0,0.930490,A,live_USD_ME_15,GFX Copenhagen,Alpari.QDF.Domain.Deal
5/6/2014 8:08:19 AM,C42861431,Mt4Micro2,917259,42861431,Buy,ClosedNormal,AUDUSD,1000.000000,0,0.930490,A,liveUSD_ME_15sf,GFX Copenhagen,Alpari.QDF.Domain.Deal
5/6/2014 8:08:19 AM,C42874771,Mt4Micro2,46820,42874771,Buy,ClosedNormal,AUDUSD,1000.000000,0,0.930570,A,liveEUR,GFX Copenhagen,Alpari.QDF.Domain.Deal
5/6/2014 8:08:19 AM,C42901942,Mt4Micro2,916574,42901942,Buy,ClosedNormal,AUDUSD,1000.000000,0,0.930570,A,liveUSD,GFX Copenhagen,Alpari.QDF.Domain.Deal
5/6/2014 8:08:19 AM,C43347922,Mt4Micro1,867593,43347922,Buy,ClosedNormal,AUDUSD,1000.000000,0,0.930570,A,live_USD_IB_00,GFX Copenhagen,Alpari.QDF.Domain.Deal
5/6/2014 8:08:19 AM,C43349970,Mt4Micro1,877876,43349970,Buy,ClosedNormal,AUDUSD,1000.000000,0,0.930570,A,live_EUR_DE,GFX Copenhagen,Alpari.QDF.Domain.Deal
5/6/2014 8:08:19 AM,C600105119,Mt4Market1,1500584,600105119,Buy,ClosedNormal,AUDUSD,1000.000000,0,0.930570,A,liveEUR,GFX Copenhagen,Alpari.QDF.Domain.Deal
5/6/2014 8:08:22 AM,C42257172,Mt4Classic2,776737,42257172,Sell,ClosedNormal,EURUSD,20000.000000,0,1.391960,A,RTL_USD_NCN_4,,Alpari.QDF.Domain.Deal
5/6/2014 8:08:23 AM,31933382,Mt5Pro,8004488,52704543,Sell,OpenNormal,AUDNZD,60000.000000,0,1.067110,B,B\CN\USD, ,Alpari.QDF.Domain.Deal
5/6/2014 8:08:24 AM,O43387675,Mt4Micro1,892128,43387675,Sell,OpenNormal,EURUSD,3000.000000,0,1.391730,A,liveUSD,,Alpari.QDF.Domain.Deal
5/6/2014 8:08:24 AM,31933383,Mt5Pro,8006588,52704545,Buy,OpenNormal,GBPJPY,500000.000000,0,172.765000,A,A\ME\USD5, ,Alpari.QDF.Domain.Deal
5/6/2014 8:08:24 AM,31933384,Mt5Pro,8006588,52704545,Buy,OpenNormal,GBPJPY,50000.000000,0,172.763000,A,A\ME\USD5, ,Alpari.QDF.Domain.Deal
5/6/2014 8:08:24 AM,31933385,Mt5Pro,8006588,52704545,Buy,OpenNormal,GBPJPY,500000.000000,0,172.764000,A,A\ME\USD5, ,Alpari.QDF.Domain.Deal
5/6/2014 8:08:25 AM,31933386,Mt5Pro,8006588,52704545,Buy,OpenNormal,GBPJPY,300000.000000,0,172.764000,A,A\ME\USD5, ,Alpari.QDF.Domain.Deal
5/6/2014 8:08:25 AM,31933387,Mt5Pro,8006588,52704545,Buy,OpenNormal,GBPJPY,1200000.000000,0,172.760000,A,A\ME\USD5, ,Alpari.QDF.Domain.Deal
5/6/2014 8:08:25 AM,31933388,Mt5Pro,8006588,52704545,Buy,OpenNormal,GBPJPY,500000.000000,0,172.763000,A,A\ME\USD5, ,Alpari.QDF.Domain.Deal
5/6/2014 8:08:25 AM,31933391,Mt5Pro,8006588,52704545,Buy,OpenNormal,GBPJPY,658000.000000,0,172.760000,A,A\ME\USD5, ,Alpari.QDF.Domain.Deal
5/6/2014 8:08:25 AM,31933392,Mt5Pro,8006588,52704545,Buy,OpenNormal,GBPJPY,292000.000000,0,172.764000,A,A\ME\USD5, ,Alpari.QDF.Domain.Deal
5/6/2014 8:08:25 AM,31933393,Mt5Pro,8006588,52704545,Buy,OpenNormal,GBPJPY,292000.000000,0,172.764000,A,A\ME\USD5, ,Alpari.QDF.Domain.Deal
5/6/2014 8:08:25 AM,31933394,Mt5Pro,8006588,52704545,Buy,OpenNormal,GBPJPY,708000.000000,0,172.760000,A,A\ME\USD5, ,Alpari.QDF.Domain.Deal
5/6/2014 8:08:26 AM,31933395,Mt5Pro,8007155,52704548,Sell,OpenNormal,USDCAD,1000.000000,0,1.094610,B,B\UK\GBP, ,Alpari.QDF.Domain.Deal
5/6/2014 8:08:29 AM,O43387676,Mt4Micro1,855614,43387676,Sell,OpenNormal,USDJPY,2000.000000,0,102.040000,A,liveGBP,,Alpari.QDF.Domain.Deal
5/6/2014 8:08:30 AM,31933397,Mt5Pro,8002706,52704551,Buy,OpenNormal,EURCHF,1000.000000,0,1.217870,A,A\UK\EUR, ,Alpari.QDF.Domain.Deal
5/6/2014 8:08:30 AM,O42939092,Mt4Micro2,906463,42939092,Buy,OpenNormal,XAUUSD,15.000000,0,1311.410000,B,liveUSD,,Alpari.QDF.Domain.Deal
5/6/2014 8:08:30 AM,O42939092,Mt4Micro2,906463,42939092,Buy,OpenNormal,XAUUSD,15.000000,0,1311.410000,B,liveUSD,,Alpari.QDF.Domain.Deal
5/6/2014 8:08:31 AM,31933398,Mt5Pro,8006588,52704552,Buy,OpenNormal,GBPJPY,1000000.000000,0,172.751000,A,A\ME\USD5, ,Alpari.QDF.Domain.Deal
5/6/2014 8:08:31 AM,31933399,Mt5Pro,8006588,52704552,Buy,OpenNormal,GBPJPY,400000.000000,0,172.752000,A,A\ME\USD5, ,Alpari.QDF.Domain.Deal
5/6/2014 8:08:31 AM,31933400,Mt5Pro,8006588,52704552,Buy,OpenNormal,GBPJPY,100000.000000,0,172.757000,A,A\ME\USD5, ,Alpari.QDF.Domain.Deal
5/6/2014 8:08:31 AM,31933401,Mt5Pro,8006588,52704552,Buy,OpenNormal,GBPJPY,1358000.000000,0,172.750000,A,A\ME\USD5, ,Alpari.QDF.Domain.Deal
5/6/2014 8:08:31 AM,31933402,Mt5Pro,8006588,52704552,Buy,OpenNormal,GBPJPY,300000.000000,0,172.752000,A,A\ME\USD5, ,Alpari.QDF.Domain.Deal
5/6/2014 8:08:31 AM,31933403,Mt5Pro,8006588,52704552,Buy,OpenNormal,GBPJPY,500000.000000,0,172.754000,A,A\ME\USD5, ,Alpari.QDF.Domain.Deal
5/6/2014 8:08:31 AM,31933404,Mt5Pro,8006588,52704552,Buy,OpenNormal,GBPJPY,292000.000000,0,172.754000,A,A\ME\USD5, ,Alpari.QDF.Domain.Deal
5/6/2014 8:08:31 AM,31933405,Mt5Pro,8006588,52704552,Buy,OpenNormal,GBPJPY,50000.000000,0,172.754000,A,A\ME\USD5, ,Alpari.QDF.Domain.Deal
5/6/2014 8:08:31 AM,31933406,Mt5Pro,8006588,52704552,Buy,OpenNormal,GBPJPY,1000000.000000,0,172.749000,A,A\ME\USD5, ,Alpari.QDF.Domain.Deal
5/6/2014 8:08:31 AM,31933407,Mt5Pro,8004693,52704553,Buy,OpenNormal,GBPUSD,6000.000000,0,1.693280,B,B\UK\EUR, [sl 1.69328],Alpari.QDF.Domain.Deal
5/6/2014 8:08:32 AM,O42260789,Mt4Classic2,777415,42260789,Sell,OpenNormal,GBPUSD,2000.000000,0,1.693550,B,AUS57109_USD_HH,Buying,Alpari.QDF.Domain.Deal
5/6/2014 8:08:32 AM,31933408,Mt5Pro,8002706,52704474,Buy,OpenNormal,EURCHF,1000.000000,0,1.217890,A,A\UK\EUR, ,Alpari.QDF.Domain.Deal
5/6/2014 8:08:32 AM,31933409,Mt5Pro,8002706,52704481,Buy,OpenNormal,EURCHF,1000.000000,0,1.217890,A,A\UK\EUR, ,Alpari.QDF.Domain.Deal
5/6/2014 8:08:32 AM,31933410,Mt5Pro,8002706,52704491,Buy,OpenNormal,EURCHF,1000.000000,0,1.217890,A,A\UK\EUR, ,Alpari.QDF.Domain.Deal
5/6/2014 8:08:32 AM,31933411,Mt5Pro,8002706,52704507,Buy,OpenNormal,EURCHF,1000.000000,0,1.217890,A,A\UK\EUR, ,Alpari.QDF.Domain.Deal
5/6/2014 8:08:32 AM,31933412,Mt5Pro,8002706,52704513,Buy,OpenNormal,EURCHF,1000.000000,0,1.217890,A,A\UK\EUR, ,Alpari.QDF.Domain.Deal
5/6/2014 8:08:32 AM,O42260789,Mt4Classic2,777415,42260789,Sell,OpenNormal,GBPUSD,2000.000000,0,1.693550,B,AUS57109_USD_HH,Buying,Alpari.QDF.Domain.Deal
5/6/2014 8:08:33 AM,31933413,Mt5Pro,8007157,52704554,Sell,OpenNormal,USDCHF,10000.000000,0,0.875310,B,B\UK\EUR, ,Alpari.QDF.Domain.Deal
5/6/2014 8:08:34 AM,31933414,Mt5Pro,8002923,52704555,Sell,OpenNormal,EURUSD,1000.000000,0,1.391540,B,B\CN\USD, ,Alpari.QDF.Domain.Deal
5/6/2014 8:08:36 AM,31933416,Mt5Pro,8001382,52700308,Buy,OpenNormal,EURCHF,1000.000000,0,1.217910,B,B\UK\EUR, <f>1.21761</f><s>1.21791</s>,Alpari.QDF.Domain.Deal
5/6/2014 8:08:36 AM,31933417,Mt5Pro,8002706,52704524,Buy,OpenNormal,EURCHF,1000.000000,0,1.217900,A,A\UK\EUR, ,Alpari.QDF.Domain.Deal
5/6/2014 8:08:36 AM,31933418,Mt5Pro,8002706,52704544,Buy,OpenNormal,EURCHF,1000.000000,0,1.217900,A,A\UK\EUR, ,Alpari.QDF.Domain.Deal
5/6/2014 8:08:36 AM,31933419,Mt5Pro,8002706,52704540,Buy,OpenNormal,EURCHF,1000.000000,0,1.217900,A,A\UK\EUR, ,Alpari.QDF.Domain.Deal
5/6/2014 8:08:36 AM,31933420,Mt5Pro,8002706,52704517,Buy,OpenNormal,EURCHF,1000.000000,0,1.217900,A,A\UK\EUR, ,Alpari.QDF.Domain.Deal
5/6/2014 8:08:36 AM,31933421,Mt5Pro,8001382,52700298,Buy,OpenNormal,EURCHF,1000.000000,0,1.217920,B,B\UK\EUR, <f>1.21762</f><s>1.21792</s>,Alpari.QDF.Domain.Deal
5/6/2014 8:08:37 AM,C42938519,Mt4Micro2,917296,42938519,Sell,ClosedNormal,EURUSD,20000.000000,0,1.391610,A,liveUSD,,Alpari.QDF.Domain.Deal
5/6/2014 8:08:37 AM,31933422,Mt5Pro,8007155,52704557,Buy,OpenNormal,AUDCAD,1000.000000,0,1.018710,B,B\UK\GBP, ,Alpari.QDF.Domain.Deal
5/6/2014 8:08:38 AM,O43387677,Mt4Micro1,892128,43387677,Buy,OpenNormal,EURUSD,3000.000000,0,1.391410,A,liveUSD,,Alpari.QDF.Domain.Deal
5/6/2014 8:08:42 AM,C42871043,Mt4Micro2,915748,42871043,Sell,ClosedNormal,USDCAD,3000.000000,0,1.094810,A,live_USD_ME_00,ESL,Alpari.QDF.Domain.Deal
5/6/2014 8:08:43 AM,31933423,Mt5Pro,8002879,52704560,Buy,OpenNormal,GBPUSD,10000.000000,0,1.693280,B,B\UK\EUR, ,Alpari.QDF.Domain.Deal
5/6/2014 8:08:44 AM,O42939109,Mt4Micro2,824731,42939109,Buy,OpenNormal,EURUSD,1000.000000,0,1.391440,A,liveEUR,,Alpari.QDF.Domain.Deal
5/6/2014 8:08:45 AM,O34780409,Mt4SpreadBetting,58004000,34780409,Sell,OpenNormal,EURUSD,10000.000000,0,1.391600,B,live_GBP_IB_00,,Alpari.QDF.Domain.Deal
5/6/2014 8:08:46 AM,31933425,Mt5Pro,8004693,52704563,Sell,OpenNormal,GBPUSD,3000.000000,0,1.693430,B,B\UK\EUR, ,Alpari.QDF.Domain.Deal
5/6/2014 8:08:47 AM,O43387678,Mt4Micro1,863514,43387678,Buy,OpenNormal,GBPUSD,1000.000000,0,1.693270,A,liveEUR,,Alpari.QDF.Domain.Deal
5/6/2014 8:08:49 AM,C42260766,Mt4Classic2,764792,42260766,Buy,ClosedNormal,GC.M4,20.000000,0,1311.700000,B,liveUSD_ME_15sf,,Alpari.QDF.Domain.Deal
5/6/2014 8:08:49 AM,31933426,Mt5Pro,8004693,52704564,Sell,OpenNormal,GBPUSD,3000.000000,0,1.693490,B,B\UK\EUR, ,Alpari.QDF.Domain.Deal
5/6/2014 8:08:50 AM,O42939111,Mt4Micro2,42944,42939111,Sell,OpenNormal,AUDUSD,10000.000000,0,0.930840,A,liveUSD,,Alpari.QDF.Domain.Deal
5/6/2014 8:08:51 AM,31933427,Mt5Pro,8007028,52704565,Buy,OpenNormal,EURUSD,15000.000000,0,1.391470,B,B\CN\USD, ,Alpari.QDF.Domain.Deal
5/6/2014 8:08:51 AM,O42939114,Mt4Micro2,916476,42939114,Buy,OpenNormal,EURUSD,10000.000000,0,1.391410,A,liveEUR,,Alpari.QDF.Domain.Deal
5/6/2014 8:08:51 AM,O42939114,Mt4Micro2,916476,42939114,Buy,OpenNormal,EURUSD,10000.000000,0,1.391410,A,liveEUR,,Alpari.QDF.Domain.Deal
5/6/2014 8:08:51 AM,O42939114,Mt4Micro2,916476,42939114,Buy,OpenNormal,EURUSD,10000.000000,0,1.391410,A,liveEUR,,Alpari.QDF.Domain.Deal
5/6/2014 8:08:51 AM,O42939114,Mt4Micro2,916476,42939114,Buy,OpenNormal,EURUSD,10000.000000,0,1.391410,A,liveEUR,,Alpari.QDF.Domain.Deal
5/6/2014 8:08:51 AM,O42260791,Mt4Classic2,778210,42260791,Buy,OpenNormal,GBPUSD,20000.000000,0,1.693300,A,RTL_USD_NCN_0,,Alpari.QDF.Domain.Deal
5/6/2014 8:08:53 AM,C42938428,Mt4Micro2,917284,42938428,Sell,ClosedPartially,EURUSD,5000.000000,0,1.391590,A,liveUSD,to #42939116,Alpari.QDF.Domain.Deal
5/6/2014 8:09:00 AM,O42939118,Mt4Micro2,917275,42939118,Buy,OpenNormal,AUDUSD,2000.000000,0,0.930490,A,live_GBP_ME_00,,Alpari.QDF.Domain.Deal
5/6/2014 8:09:00 AM,O42939118,Mt4Micro2,917275,42939118,Buy,OpenNormal,AUDUSD,2000.000000,0,0.930490,A,live_GBP_ME_00,,Alpari.QDF.Domain.Deal
5/6/2014 8:09:00 AM,O42939118,Mt4Micro2,917275,42939118,Buy,OpenNormal,AUDUSD,2000.000000,0,0.930490,A,live_GBP_ME_00,,Alpari.QDF.Domain.Deal
5/6/2014 8:09:04 AM,O42939121,Mt4Micro2,917182,42939121,Buy,OpenNormal,GBPCAD,1000.000000,0,1.853420,A,liveUSD_ME_Zulu,ABcDHZoACAjRLbHQIW+W,Alpari.QDF.Domain.Deal
5/6/2014 8:09:04 AM,O42939121,Mt4Micro2,917182,42939121,Buy,OpenNormal,GBPCAD,1000.000000,0,1.853420,A,liveUSD_ME_Zulu,ABcDHZoACAjRLbHQIW+W,Alpari.QDF.Domain.Deal
5/6/2014 8:09:04 AM,O42939121,Mt4Micro2,917182,42939121,Buy,OpenNormal,GBPCAD,1000.000000,0,1.853420,A,liveUSD_ME_Zulu,ABcDHZoACAjRLbHQIW+W,Alpari.QDF.Domain.Deal
5/6/2014 8:09:08 AM,O42939125,Mt4Micro2,903973,42939125,Buy,OpenNormal,GBPUSD,30000.000000,0,1.693410,A,liveEUR,,Alpari.QDF.Domain.Deal
5/6/2014 8:09:13 AM,O42260793,Mt4Classic2,774651,42260793,Buy,OpenNormal,EURJPY,10000.000000,0,141.949000,A,liveCHF_Zuluc,,Alpari.QDF.Domain.Deal
5/6/2014 8:09:14 AM,B201412600AN800,Currenex,AUKP3341,B201412600ANA00,Buy,OpenNormal,GBPUSD,50000.0,0,1.69337,A,David Saywell,1,Alpari.QDF.Domain.Deal
5/6/2014 8:09:15 AM,C33059728,Mt4Classic1,729519,33059728,Sell,ClosedNormal,EURJPY,100000.000000,0,141.983000,A,live_GBP_IB_00,,Alpari.QDF.Domain.Deal
5/6/2014 8:09:15 AM,C42917253,Mt4Micro2,910452,42917253,Buy,ClosedNormal,EURUSD,5000.000000,0,1.391410,A,liveUSD,,Alpari.QDF.Domain.Deal
5/6/2014 8:09:16 AM,C42831529,Mt4Micro2,802696,42831529,Buy,ClosedNormal,EURUSD,1000.000000,0,1.391410,A,liveUSD,,Alpari.QDF.Domain.Deal
5/6/2014 8:09:16 AM,C43385434,Mt4Micro1,878013,43385434,Sell,ClosedNormal,EURGBP,20000.000000,0,0.821810,A,liveUSD,,Alpari.QDF.Domain.Deal
5/6/2014 8:09:19 AM,C42257777,Mt4Classic2,774409,42257777,Buy,ClosedPartially,CL.M4,500.000000,0,99.580000,B,liveGBP,to #42260795,Alpari.QDF.Domain.Deal
5/6/2014 8:09:19 AM,O42939133,Mt4Micro2,803806,42939133,Buy,ClosedNormal,GBPUSD,5000.000000,0,1.693330,A,liveUSD,,Alpari.QDF.Domain.Deal
5/6/2014 8:09:19 AM,O42939132,Mt4Micro2,912294,42939132,Sell,OpenNormal,USDCHF,4000.000000,0,0.875400,A,liveGBP,,Alpari.QDF.Domain.Deal
5/6/2014 8:09:19 AM,O42939133,Mt4Micro2,803806,42939133,Buy,OpenNormal,GBPUSD,5000.000000,0,1.693330,A,liveUSD,,Alpari.QDF.Domain.Deal
5/6/2014 8:09:20 AM,C42256848,Mt4Classic2,748329,42256848,Sell,ClosedNormal,EURUSD,40000.000000,0,1.391630,A,RTL_USD_NCN_0,,Alpari.QDF.Domain.Deal
5/6/2014 8:09:23 AM,31933433,Mt5Pro,8007205,52704590,Buy,OpenNormal,NZDJPY,101000.000000,0,88.980000,B,B\ME\USD, ,Alpari.QDF.Domain.Deal
5/6/2014 8:09:26 AM,O42260796,Mt4Classic2,764792,42260796,Sell,OpenNormal,GC.M4,20.000000,0,1311.500000,B,liveUSD_ME_15sf,,Alpari.QDF.Domain.Deal
5/6/2014 8:09:26 AM,31933435,Mt5Pro,8007205,52704592,Buy,OpenNormal,NZDJPY,101000.000000,0,88.980000,B,B\ME\USD, ,Alpari.QDF.Domain.Deal
5/6/2014 8:09:27 AM,O42260797,Mt4Classic2,764792,42260797,Sell,OpenNormal,GC.M4,20.000000,0,1311.500000,B,liveUSD_ME_15sf,,Alpari.QDF.Domain.Deal
5/6/2014 8:09:27 AM,O42260798,Mt4Classic2,759354,42260798,Buy,OpenNormal,GBPCHF,10000.000000,0,1.481640,A,liveUSD_ME_15sf,AI,Alpari.QDF.Domain.Deal
5/6/2014 8:09:28 AM,C34780178,Mt4SpreadBetting,58059998,34780178,Sell,ClosedNormal,EURUSD,150000.000000,0,1.391630,B,liveGBP,,Alpari.QDF.Domain.Deal
5/6/2014 8:09:28 AM,C42429189,Mt4Micro2,802696,42429189,Buy,ClosedNormal,EURUSD,1000.000000,0,1.391450,A,liveUSD,,Alpari.QDF.Domain.Deal
5/6/2014 8:09:29 AM,O43387679,Mt4Micro1,856876,43387679,Buy,OpenNormal,EURUSD,1000.000000,0,1.391450,A,live_EUR_DE,,Alpari.QDF.Domain.Deal
5/6/2014 8:09:29 AM,31933436,Mt5Pro,8006719,52704594,Sell,OpenNormal,EURAUD,1000.000000,0,1.495340,B,B\UK\EUR, ,Alpari.QDF.Domain.Deal
5/6/2014 8:09:30 AM,C42938482,Mt4Micro2,917635,42938482,Sell,ClosedNormal,EURUSD,5000.000000,0,1.391660,A,live_USD_ME_00,,Alpari.QDF.Domain.Deal
5/6/2014 8:09:30 AM,C7706151,Mt4Pro,9053,7706151,Sell,ClosedNormal,EURUSD,200000.000000,0,1.391590,A,BookB_USD_ME,,Alpari.QDF.Domain.Deal
5/6/2014 8:09:30 AM,O42260799,Mt4Classic2,778270,42260799,Buy,OpenNormal,EURUSD,10000.000000,0,1.391450,A,liveGBP,,Alpari.QDF.Domain.Deal
5/6/2014 8:09:38 AM,C600113501,Mt4Market1,1500427,600113501,Buy,ClosedNormal,GBPJPY,5000.000000,0,172.729000,A,RTL_USD_NCN_2,,Alpari.QDF.Domain.Deal
5/6/2014 8:09:39 AM,C43370654,Mt4Micro1,859680,43370654,Buy,ClosedNormal,GBPUSD,16000.000000,0,1.693060,A,RTL_USD_IFS_3,,Alpari.QDF.Domain.Deal
5/6/2014 8:09:39 AM,O42260800,Mt4Classic2,758863,42260800,Buy,OpenNormal,EURUSD,10000.000000,0,1.391370,B,liveUSD_PS_RM,,Alpari.QDF.Domain.Deal
5/6/2014 8:09:40 AM,O42939143,Mt4Micro2,914098,42939143,Sell,OpenNormal,CADJPY,12000.000000,0,93.225000,A,liveUSD,,Alpari.QDF.Domain.Deal
5/6/2014 8:09:40 AM,O42939143,Mt4Micro2,914098,42939143,Sell,OpenNormal,CADJPY,12000.000000,0,93.225000,A,liveUSD,,Alpari.QDF.Domain.Deal
5/6/2014 8:09:41 AM,C42938300,Mt4Micro2,917839,42938300,Sell,ClosedNormal,EURUSD,1000.000000,0,1.391540,A,liveEUR,KarchenskayA,Alpari.QDF.Domain.Deal
5/6/2014 8:09:41 AM,C600113911,Mt4Market1,1500374,600113911,Sell,ClosedNormal,EURUSD,5000.000000,0,1.391540,A,liveEUR,KarchenskayA,Alpari.QDF.Domain.Deal
5/6/2014 8:09:41 AM,C600113912,Mt4Market1,1500337,600113912,Sell,ClosedNormal,EURUSD,1000.000000,0,1.391540,A,liveEUR,KarchenskayA,Alpari.QDF.Domain.Deal
5/6/2014 8:09:42 AM,O42260801,Mt4Classic2,751411,42260801,Buy,OpenNormal,EURUSD,10000.000000,0,1.391320,A,RTL_USD_IFS_1,,Alpari.QDF.Domain.Deal
5/6/2014 8:09:42 AM,O42260801,Mt4Classic2,751411,42260801,Buy,OpenNormal,EURUSD,10000.000000,0,1.391320,A,RTL_USD_IFS_1,,Alpari.QDF.Domain.Deal
5/6/2014 8:09:45 AM,C42938298,Mt4Micro2,917823,42938298,Sell,ClosedNormal,EURUSD,5000.000000,0,1.391540,A,liveUSD,KarchenskayA,Alpari.QDF.Domain.Deal
5/6/2014 8:09:46 AM,C42257146,Mt4Classic2,760419,42257146,Buy,ClosedNormal,AUDUSD,20000.000000,0,0.930460,A,live_USD_US_04,,Alpari.QDF.Domain.Deal
5/6/2014 8:09:46 AM,O42260803,Mt4Classic2,762538,42260803,Buy,OpenNormal,EURUSD,10000.000000,0,1.391370,A,liveUSD,,Alpari.QDF.Domain.Deal
5/6/2014 8:09:48 AM,O42260804,Mt4Classic2,776606,42260804,Sell,OpenNormal,GBPUSD,10000.000000,0,1.693570,A,liveUSD_ME_15sf,,Alpari.QDF.Domain.Deal
5/6/2014 8:09:49 AM,O42939146,Mt4Micro2,912081,42939146,Buy,OpenNormal,EURUSD,1000.000000,0,1.391370,A,liveEUR,,Alpari.QDF.Domain.Deal
5/6/2014 8:09:49 AM,31933440,Mt5Pro,8007155,52704603,Buy,OpenNormal,AUDJPY,1000.000000,0,94.943000,B,B\UK\GBP, ,Alpari.QDF.Domain.Deal
5/6/2014 8:09:51 AM,O43387682,Mt4Micro1,871501,43387682,Sell,OpenNormal,EURCHF,5000.000000,0,1.218030,A,liveEUR,,Alpari.QDF.Domain.Deal
5/6/2014 8:09:51 AM,O43387682,Mt4Micro1,871501,43387682,Sell,OpenNormal,EURCHF,5000.000000,0,1.218030,A,liveEUR,,Alpari.QDF.Domain.Deal
5/6/2014 8:09:52 AM,31933441,Mt5Pro,8006144,52704604,Buy,OpenNormal,AUDUSD,50000.000000,0,0.930570,A,A\UK\EUR, ,Alpari.QDF.Domain.Deal
5/6/2014 8:09:53 AM,C42256973,Mt4Classic2,760419,42256973,Buy,ClosedNormal,AUDUSD,20000.000000,0,0.930450,A,live_USD_US_04,,Alpari.QDF.Domain.Deal
5/6/2014 8:09:53 AM,O42939147,Mt4Micro2,802696,42939147,Sell,OpenNormal,EURUSD,1000.000000,0,1.391540,A,liveUSD,,Alpari.QDF.Domain.Deal
5/6/2014 8:09:54 AM,C42897701,Mt4Micro2,911955,42897701,Buy,ClosedNormal,GBPUSD,10000.000000,0,1.693170,A,RTL_USD_NCN_1,,Alpari.QDF.Domain.Deal
5/6/2014 8:09:57 AM,C42939060,Mt4Micro2,905240,42939060,Buy,ClosedNormal,EURUSD,10000.000000,0,1.391450,A,liveEUR,,Alpari.QDF.Domain.Deal
5/6/2014 8:09:58 AM,C42257325,Mt4Classic2,760419,42257325,Buy,ClosedNormal,AUDUSD,20000.000000,0,0.930470,A,live_USD_US_04,,Alpari.QDF.Domain.Deal
5/6/2014 8:09:58 AM,O42260807,Mt4Classic2,776221,42260807,Sell,OpenNormal,XAUUSD,20.000000,0,1311.785000,B,live_GBP_IB_00,,Alpari.QDF.Domain.Deal
5/6/2014 8:09:58 AM,O42260807,Mt4Classic2,776221,42260807,Sell,OpenNormal,XAUUSD,20.000000,0,1311.785000,B,live_GBP_IB_00,,Alpari.QDF.Domain.Deal
5/6/2014 8:09:59 AM,O42939150,Mt4Micro2,802696,42939150,Buy,OpenNormal,EURUSD,1000.000000,0,1.391440,A,liveUSD,,Alpari.QDF.Domain.Deal
5/6/2014 8:10:01 AM,C600113297,Mt4Market1,1500503,600113297,Sell,ClosedNormal,DE30.M,0.250000,0,9546.000000,B,liveEUR,[sl],Alpari.QDF.Domain.Deal
5/6/2014 8:10:01 AM,O43387684,Mt4Micro1,855614,43387684,Buy,OpenNormal,CHFJPY,3000.000000,0,116.543000,A,liveGBP,,Alpari.QDF.Domain.Deal
5/6/2014 8:10:02 AM,C600112237,Mt4Market1,1500503,600112237,Sell,ClosedNormal,DE30.M,0.250000,0,9546.500000,B,liveEUR,[sl],Alpari.QDF.Domain.Deal
5/6/2014 8:10:03 AM,O42939153,Mt4Micro2,910420,42939153,Sell,OpenNormal,EURUSD,1000.000000,0,1.391660,A,live_USD_ME_00,Divergence_00_,Alpari.QDF.Domain.Deal
5/6/2014 8:10:03 AM,O42939154,Mt4Micro2,917275,42939154,Sell,OpenNormal,USDCHF,2000.000000,0,0.875350,A,live_GBP_ME_00,,Alpari.QDF.Domain.Deal
5/6/2014 8:10:03 AM,O42939154,Mt4Micro2,917275,42939154,Sell,OpenNormal,USDCHF,2000.000000,0,0.875350,A,live_GBP_ME_00,,Alpari.QDF.Domain.Deal
5/6/2014 8:10:04 AM,C33059709,Mt4Classic1,731358,33059709,Sell,ClosedNormal,EURUSD,8000.000000,0,1.391630,A,MCR_EUR,,Alpari.QDF.Domain.Deal
5/6/2014 8:10:06 AM,O43387686,Mt4Micro1,891582,43387686,Buy,OpenNormal,EURUSD,1000.000000,0,1.391400,A,liveEUR,"P= 73.074 | C= 69.435
",Alpari.QDF.Domain.Deal
5/6/2014 8:10:06 AM,O43387686,Mt4Micro1,891582,43387686,Buy,OpenNormal,EURUSD,1000.000000,0,1.391400,A,liveEUR,"P= 73.074 | C= 69.435
",Alpari.QDF.Domain.Deal
5/6/2014 8:10:08 AM,O42260810,Mt4Classic2,777907,42260810,Buy,OpenNormal,EURUSD,50000.000000,0,1.391380,A,live_USD_ME_00,,Alpari.QDF.Domain.Deal
5/6/2014 8:10:08 AM,31933444,Mt5Pro,8007221,52704612,Buy,OpenNormal,USDCHF,10000.000000,0,0.875180,B,B\UK\EUR, ,Alpari.QDF.Domain.Deal
5/6/2014 8:10:09 AM,31933446,Mt5Pro,8005369,52704613,Sell,OpenNormal,EURAUD,2000.000000,0,1.495320,A,A\UK\GBP, ,Alpari.QDF.Domain.Deal
5/6/2014 8:10:10 AM,C42257600,Mt4Classic2,760419,42257600,Buy,ClosedNormal,AUDUSD,20000.000000,0,0.930460,A,live_USD_US_04,,Alpari.QDF.Domain.Deal
5/6/2014 8:10:10 AM,O600114151,Mt4Market1,1500552,600114151,Buy,OpenNormal,GBPUSD,10000.000000,0,1.693230,A,liveEUR,,Alpari.QDF.Domain.Deal
5/6/2014 8:10:10 AM,O600114151,Mt4Market1,1500552,600114151,Buy,OpenNormal,GBPUSD,10000.000000,0,1.693230,A,liveEUR,,Alpari.QDF.Domain.Deal
5/6/2014 8:10:15 AM,O42939157,Mt4Micro2,803806,42939157,Buy,OpenNormal,EURJPY,3000.000000,0,141.958000,A,liveUSD,,Alpari.QDF.Domain.Deal
5/6/2014 8:10:18 AM,B201412605CV900,Currenex,AUKUS2102,B201412605CV800,Buy,OpenNormal,EURUSD,2000000.0,0,1.39146,B,LUCRORCAPITAL MARKETS,1,Alpari.QDF.Domain.Deal
5/6/2014 8:10:18 AM,C42260622,Mt4Classic2,760419,42260622,Buy,ClosedNormal,AUDUSD,10000.000000,0,0.930460,A,live_USD_US_04,,Alpari.QDF.Domain.Deal
5/6/2014 8:10:19 AM,B201412605CVC00,Currenex,AUKUS2065,B201412605CVB00,Sell,OpenNormal,EURUSD,2000000.0,0,1.3915,B,Leverate Financial Services Ltd,1,Alpari.QDF.Domain.Deal
5/6/2014 8:10:19 AM,C42257706,Mt4Classic2,756173,42257706,Sell,ClosedNormal,XAUUSD,20.000000,0,1311.280000,B,RTL_USD_IFS_1,,Alpari.QDF.Domain.Deal
5/6/2014 8:10:22 AM,O42939158,Mt4Micro2,918070,42939158,Sell,OpenNormal,USDCHF,5000.000000,0,0.875350,A,liveUSD,,Alpari.QDF.Domain.Deal
5/6/2014 8:10:23 AM,O42939160,Mt4Micro2,907433,42939160,Buy,OpenNormal,EURUSD,1000.000000,0,1.391380,A,live_USD_ME_00,,Alpari.QDF.Domain.Deal
5/6/2014 8:10:23 AM,O42939160,Mt4Micro2,907433,42939160,Buy,OpenNormal,EURUSD,1000.000000,0,1.391380,A,live_USD_ME_00,,Alpari.QDF.Domain.Deal
5/6/2014 8:10:28 AM,31933485,Mt5Pro,8001647,52704668,Buy,OpenNormal,GBPUSD,3000.000000,0,1.693350,B,B\UK\EUR, ,Alpari.QDF.Domain.Deal
5/6/2014 8:10:35 AM,31933491,Mt5Pro,8006312,52704675,Buy,OpenNormal,GBPJPY,1000.000000,0,172.769000,B,B\UK\EUR, ,Alpari.QDF.Domain.Deal
5/6/2014 8:10:35 AM,31933495,Mt5Pro,8006312,52704679,Sell,OpenNormal,GBPJPY,1000.000000,0,172.782000,B,B\UK\EUR, ,Alpari.QDF.Domain.Deal
5/6/2014 8:10:36 AM,31933497,Mt5Pro,8001647,52704681,Buy,OpenNormal,EURUSD,3000.000000,0,1.391440,B,B\UK\EUR, ,Alpari.QDF.Domain.Deal
5/6/2014 8:10:36 AM,O42260816,Mt4Classic2,760419,42260816,Sell,OpenNormal,EURUSD,50000.000000,0,1.391610,A,live_USD_US_04,,Alpari.QDF.Domain.Deal
5/6/2014 8:10:40 AM,O42939165,Mt4Micro2,803806,42939165,Buy,OpenNormal,AUDUSD,3000.000000,0,0.930500,A,liveUSD,,Alpari.QDF.Domain.Deal
5/6/2014 8:10:40 AM,O42939165,Mt4Micro2,803806,42939165,Buy,OpenNormal,AUDUSD,3000.000000,0,0.930500,A,liveUSD,,Alpari.QDF.Domain.Deal
5/6/2014 8:10:42 AM,C42937620,Mt4Micro2,913529,42937620,Buy,ClosedNormal,GBPJPY,2000.000000,0,172.740000,A,RTL_USD_NCN_2,,Alpari.QDF.Domain.Deal
5/6/2014 8:10:49 AM,O42939169,Mt4Micro2,918104,42939169,Buy,OpenNormal,XAUUSD,1.000000,0,1310.820000,B,live_USD_ME_00,,Alpari.QDF.Domain.Deal
5/6/2014 8:10:49 AM,O42939169,Mt4Micro2,918104,42939169,Buy,OpenNormal,XAUUSD,1.000000,0,1310.820000,B,live_USD_ME_00,,Alpari.QDF.Domain.Deal
5/6/2014 8:10:49 AM,O42939169,Mt4Micro2,918104,42939169,Buy,OpenNormal,XAUUSD,1.000000,0,1310.820000,B,live_USD_ME_00,,Alpari.QDF.Domain.Deal
5/6/2014 8:10:49 AM,O42939169,Mt4Micro2,918104,42939169,Buy,OpenNormal,XAUUSD,1.000000,0,1310.820000,B,live_USD_ME_00,,Alpari.QDF.Domain.Deal
5/6/2014 8:10:53 AM,C500046291,Mt4MarketMena,1400138,500046291,Sell,ClosedNormal,UK100.M,1.000000,0,6770.500000,B,live_USD_sf_30,,Alpari.QDF.Domain.Deal
5/6/2014 8:10:53 AM,O42939170,Mt4Micro2,910349,42939170,Sell,OpenNormal,EURUSD,10000.000000,0,1.391640,A,live_EUR_DE,,Alpari.QDF.Domain.Deal
5/6/2014 8:10:55 AM,C42255777,Mt4Classic2,776661,42255777,Buy,ClosedNormal,AUDUSD,10000.000000,0,0.930490,A,liveUSD,,Alpari.QDF.Domain.Deal
5/6/2014 8:10:55 AM,C500046287,Mt4MarketMena,1400138,500046287,Sell,ClosedNormal,UK100.M,1.000000,0,6770.500000,B,live_USD_sf_30,,Alpari.QDF.Domain.Deal
5/6/2014 8:10:56 AM,O33059768,Mt4Classic1,730011,33059768,Sell,OpenNormal,EURUSD,50000.000000,0,1.391640,A,live_EUR_DE,,Alpari.QDF.Domain.Deal
5/6/2014 8:10:56 AM,O33059768,Mt4Classic1,730011,33059768,Sell,ClosedNormal,EURUSD,50000.000000,0,1.391640,A,live_EUR_DE,,Alpari.QDF.Domain.Deal
5/6/2014 8:10:57 AM,O34780416,Mt4SpreadBetting,58000610,34780416,Buy,OpenNormal,EURUSD,32000.000000,0,1.391470,B,liveGBP,,Alpari.QDF.Domain.Deal
5/6/2014 8:10:57 AM,O34780416,Mt4SpreadBetting,58000610,34780416,Buy,OpenNormal,EURUSD,32000.000000,0,1.391470,B,liveGBP,,Alpari.QDF.Domain.Deal
5/6/2014 8:10:59 AM,31933501,Mt5Pro,8004693,52704690,Sell,OpenNormal,GBPUSD,1000.000000,0,1.693480,B,B\UK\EUR, ,Alpari.QDF.Domain.Deal
5/6/2014 8:11:00 AM,O42939171,Mt4Micro2,918114,42939171,Sell,OpenNormal,USDCHF,4000.000000,0,0.875310,A,live_USD_ME_00,,Alpari.QDF.Domain.Deal
5/6/2014 8:11:00 AM,O42939171,Mt4Micro2,918114,42939171,Sell,OpenNormal,USDCHF,4000.000000,0,0.875310,A,live_USD_ME_00,,Alpari.QDF.Domain.Deal
5/6/2014 8:11:00 AM,O34780417,Mt4SpreadBetting,58000610,34780417,Buy,OpenNormal,EURUSD,32000.000000,0,1.391480,B,liveGBP,,Alpari.QDF.Domain.Deal
5/6/2014 8:11:00 AM,O34780417,Mt4SpreadBetting,58000610,34780417,Buy,OpenNormal,EURUSD,32000.000000,0,1.391480,B,liveGBP,,Alpari.QDF.Domain.Deal
5/6/2014 8:11:03 AM,O42939172,Mt4Micro2,902054,42939172,Sell,OpenNormal,EURUSD,1000.000000,0,1.391650,A,liveUSD,,Alpari.QDF.Domain.Deal
5/6/2014 8:11:04 AM,C43385481,Mt4Micro1,877768,43385481,Sell,ClosedNormal,USDJPY,3000.000000,0,102.044000,A,RTL_USD_NCN_1,,Alpari.QDF.Domain.Deal
5/6/2014 8:11:15 AM,31933507,Mt5Pro,8007201,52704699,Buy,OpenNormal,XAUUSD,1.000000,0,1310.870000,B,B\UK\USD, ,Alpari.QDF.Domain.Deal
5/6/2014 8:11:17 AM,C42260662,Mt4Classic2,21193,42260662,Sell,ClosedNormal,EURUSD,10000.000000,0,1.391740,A,liveGBP,,Alpari.QDF.Domain.Deal
5/6/2014 8:11:22 AM,O43387689,Mt4Micro1,881369,43387689,Sell,OpenNormal,GBPNZD,1000.000000,0,1.941630,A,liveEUR,,Alpari.QDF.Domain.Deal
5/6/2014 8:11:32 AM,C42260513,Mt4Classic2,776356,42260513,Sell,ClosedNormal,EURUSD,30000.000000,0,1.391800,A,liveGBP,[sl] ,Alpari.QDF.Domain.Deal
5/6/2014 8:11:32 AM,O42939174,Mt4Micro2,912797,42939174,Sell,OpenNormal,EURUSD,10000.000000,0,1.391790,A,live_USD_ME_00,,Alpari.QDF.Domain.Deal
5/6/2014 8:11:32 AM,O42939174,Mt4Micro2,912797,42939174,Sell,OpenNormal,EURUSD,10000.000000,0,1.391790,A,live_USD_ME_00,,Alpari.QDF.Domain.Deal
5/6/2014 8:11:37 AM,O600114156,Mt4Market1,1500713,600114156,Buy,OpenNormal,GBPUSD,1000.000000,0,1.693340,A,liveEUR,FxPowerSignal,Alpari.QDF.Domain.Deal
5/6/2014 8:11:37 AM,O600114156,Mt4Market1,1500713,600114156,Buy,OpenNormal,GBPUSD,1000.000000,0,1.693340,A,liveEUR,FxPowerSignal,Alpari.QDF.Domain.Deal
5/6/2014 8:11:43 AM,C42932442,Mt4Micro2,917017,42932442,Sell,ClosedNormal,AUDUSD,1000.000000,0,0.930770,A,liveGBP,,Alpari.QDF.Domain.Deal
5/6/2014 8:11:52 AM,O42939175,Mt4Micro2,918114,42939175,Sell,OpenNormal,USDJPY,4000.000000,0,102.042000,A,live_USD_ME_00,,Alpari.QDF.Domain.Deal
5/6/2014 8:11:53 AM,O43387692,Mt4Micro1,870767,43387692,Buy,OpenNormal,GBPUSD,1000.000000,0,1.693310,A,liveEUR,,Alpari.QDF.Domain.Deal
5/6/2014 8:11:55 AM,31933513,Mt5Pro,8006988,52704721,Sell,OpenNormal,EURUSD,31000.000000,0,1.391800,B,B\UK\EUR, ,Alpari.QDF.Domain.Deal
5/6/2014 8:12:00 AM,31933515,Mt5Pro,8006988,52704723,Buy,OpenNormal,EURUSD,10000.000000,0,1.391640,B,B\UK\EUR, ,Alpari.QDF.Domain.Deal
5/6/2014 8:12:01 AM,O42260823,Mt4Classic2,770263,42260823,Buy,OpenNormal,NZDUSD,10000.000000,0,0.872170,A,live_USD_ME_00,,Alpari.QDF.Domain.Deal
5/6/2014 8:12:01 AM,O42260824,Mt4Classic2,772839,42260824,Buy,OpenNormal,GBPUSD,13000.000000,0,1.693320,A,liveUSD,,Alpari.QDF.Domain.Deal
5/6/2014 8:12:03 AM,C43387552,Mt4Micro1,34037,43387552,Sell,ClosedNormal,EURUSD,5000.000000,0,1.391770,A,liveGBP,,Alpari.QDF.Domain.Deal
5/6/2014 8:12:08 AM,C42937659,Mt4Micro2,909631,42937659,Buy,ClosedNormal,GBPUSD,20000.000000,0,1.693330,A,liveUSD,,Alpari.QDF.Domain.Deal
5/6/2014 8:12:10 AM,O42939178,Mt4Micro2,917830,42939178,Sell,OpenNormal,EURJPY,1000.000000,0,142.003000,A,liveGBP,,Alpari.QDF.Domain.Deal
5/6/2014 8:12:10 AM,O42939178,Mt4Micro2,917830,42939178,Sell,OpenNormal,EURJPY,1000.000000,0,142.003000,A,liveGBP,,Alpari.QDF.Domain.Deal
5/6/2014 8:12:10 AM,O43387694,Mt4Micro1,34037,43387694,Sell,OpenNormal,EURUSD,5000.000000,0,1.391760,A,liveGBP,,Alpari.QDF.Domain.Deal
5/6/2014 8:12:10 AM,O43387694,Mt4Micro1,34037,43387694,Sell,OpenNormal,EURUSD,5000.000000,0,1.391760,A,liveGBP,,Alpari.QDF.Domain.Deal
5/6/2014 8:12:14 AM,O34780425,Mt4SpreadBetting,58036915,34780425,Sell,OpenNormal,EURJPY,50000.000000,0,142.001000,B,liveGBP,,Alpari.QDF.Domain.Deal
5/6/2014 8:12:14 AM,O34780425,Mt4SpreadBetting,58036915,34780425,Sell,OpenNormal,EURJPY,50000.000000,0,142.001000,B,liveGBP,,Alpari.QDF.Domain.Deal
5/6/2014 8:12:14 AM,O42939179,Mt4Micro2,910323,42939179,Sell,OpenNormal,EURUSD,5000.000000,0,1.391770,A,liveGBP,,Alpari.QDF.Domain.Deal
5/6/2014 8:12:14 AM,O34780425,Mt4SpreadBetting,58036915,34780425,Sell,OpenNormal,EURJPY,50000.000000,0,142.001000,B,liveGBP,,Alpari.QDF.Domain.Deal
5/6/2014 8:12:15 AM,O42939180,Mt4Micro2,916685,42939180,Sell,OpenNormal,NZDJPY,2000.000000,0,89.060000,A,liveEUR,,Alpari.QDF.Domain.Deal
5/6/2014 8:12:17 AM,O7706190,Mt4Pro,8078,7706190,Buy,OpenNormal,AUDJPY,10000.000000,0,94.941000,B,AUS57109_USDSH1,,Alpari.QDF.Domain.Deal
5/6/2014 8:12:19 AM,O7706187,Mt4Pro,8625,7706187,Sell,OpenNormal,NZDUSD,30000.000000,0,0.872490,A,BookB_USD_iii,,Alpari.QDF.Domain.Deal
5/6/2014 8:12:19 AM,O43387695,Mt4Micro1,881369,43387695,Sell,OpenNormal,GBPAUD,1000.000000,0,1.820010,A,liveEUR,,Alpari.QDF.Domain.Deal
5/6/2014 8:12:19 AM,O42939181,Mt4Micro2,909448,42939181,Buy,OpenNormal,XAUUSD,40.000000,0,1310.820000,B,liveGBP,,Alpari.QDF.Domain.Deal
5/6/2014 8:12:19 AM,O42939181,Mt4Micro2,909448,42939181,Buy,OpenNormal,XAUUSD,40.000000,0,1310.820000,B,liveGBP,,Alpari.QDF.Domain.Deal
5/6/2014 8:12:20 AM,C42939071,Mt4Micro2,916570,42939071,Buy,ClosedNormal,AUDJPY,1000.000000,0,94.924000,A,liveUSD,,Alpari.QDF.Domain.Deal
5/6/2014 8:12:20 AM,O7706191,Mt4Pro,8712,7706191,Buy,OpenNormal,AUDUSD,200000.000000,0,0.930560,A,BookB_EUR,,Alpari.QDF.Domain.Deal
5/6/2014 8:12:20 AM,O7706192,Mt4Pro,8078,7706192,Sell,OpenNormal,AUDJPY,10000.000000,0,94.958000,B,AUS57109_USDSH1,,Alpari.QDF.Domain.Deal
5/6/2014 8:12:21 AM,31933518,Mt5Pro,8005883,52704730,Sell,OpenNormal,AUDNZD,2000.000000,0,1.066670,B,B\UK\GBP, ,Alpari.QDF.Domain.Deal
5/6/2014 8:12:24 AM,C42939066,Mt4Micro2,916570,42939066,Buy,ClosedNormal,AUDJPY,1000.000000,0,94.925000,A,liveUSD,,Alpari.QDF.Domain.Deal
5/6/2014 8:12:25 AM,O7706193,Mt4Pro,8078,7706193,Buy,OpenNormal,NZDJPY,10000.000000,0,89.003000,B,AUS57109_USDSH1,,Alpari.QDF.Domain.Deal
5/6/2014 8:12:26 AM,31933519,Mt5Pro,8006903,52704741,Sell,OpenNormal,USDJPY,5000.000000,0,102.032000,B,B\CN\USD, ,Alpari.QDF.Domain.Deal
5/6/2014 8:12:28 AM,O7706194,Mt4Pro,8078,7706194,Sell,OpenNormal,NZDJPY,10000.000000,0,89.036000,B,AUS57109_USDSH1,,Alpari.QDF.Domain.Deal
5/6/2014 8:12:31 AM,O42939182,Mt4Micro2,918070,42939182,Buy,OpenNormal,EURUSD,5000.000000,0,1.391660,A,liveUSD,,Alpari.QDF.Domain.Deal
5/6/2014 8:12:32 AM,31933522,Mt5Pro,8004488,52704744,Sell,OpenNormal,AUDNZD,30000.000000,0,1.066740,B,B\CN\USD, ,Alpari.QDF.Domain.Deal
5/6/2014 8:12:32 AM,O600114164,Mt4Market1,1500428,600114164,Buy,OpenNormal,GBPAUD,100000.000000,0,1.819140,A,RTL_USD_NCN_2,,Alpari.QDF.Domain.Deal
5/6/2014 8:12:40 AM,C43387404,Mt4Micro1,873702,43387404,Sell,ClosedNormal,EURUSD,2000.000000,0,1.391880,A,RTL_USD_IFS_1,,Alpari.QDF.Domain.Deal
5/6/2014 8:12:41 AM,O42939183,Mt4Micro2,901408,42939183,Sell,OpenNormal,EURUSD,2000.000000,0,1.391830,A,live_EUR_DE,,Alpari.QDF.Domain.Deal
5/6/2014 8:12:43 AM,C42929502,Mt4Micro2,914702,42929502,Buy,ClosedNormal,GBPUSD,1000.000000,0,1.693330,A,live_USD_IB_00,,Alpari.QDF.Domain.Deal
5/6/2014 8:12:46 AM,C42934660,Mt4Micro2,914933,42934660,Sell,ClosedNormal,USDCHF,10000.000000,0,0.875170,A,liveUSD,,Alpari.QDF.Domain.Deal
5/6/2014 8:12:46 AM,C43382523,Mt4Micro1,34845,43382523,Buy,ClosedNormal,AUDUSD,1000.000000,0,0.930480,A,liveGBP,,Alpari.QDF.Domain.Deal
5/6/2014 8:12:47 AM,O42260830,Mt4Classic2,776501,42260830,Buy,OpenNormal,NZDUSD,10000.000000,0,0.872190,A,live_GBP_IB_10,,Alpari.QDF.Domain.Deal
5/6/2014 8:12:53 AM,O42259124,Mt4Classic2,762230,42259124,Buy,OpenNormal,NZDUSD,10000.000000,0,0.872290,A,liveUSD,Easy Order,Alpari.QDF.Domain.Deal
5/6/2014 8:12:54 AM,B201412600APL00,Currenex,AUKP3341,B201412600APN00,Buy,OpenNormal,GBPUSD,50000.0,0,1.6934,A,David Saywell,1,Alpari.QDF.Domain.Deal
5/6/2014 8:12:55 AM,O33059771,Mt4Classic1,717640,33059771,Sell,OpenNormal,AUDUSD,10000.000000,0,0.930770,A,live_EUR_DE,,Alpari.QDF.Domain.Deal
5/6/2014 8:12:55 AM,31933523,Mt5Pro,8007360,52704749,Buy,OpenNormal,XAUUSD,1.000000,0,1310.880000,B,B\UK\GBP, ,Alpari.QDF.Domain.Deal
5/6/2014 8:12:59 AM,O42939185,Mt4Micro2,904359,42939185,Buy,OpenNormal,EURNZD,1000.000000,0,1.594210,A,liveGBP,,Alpari.QDF.Domain.Deal
5/6/2014 8:12:59 AM,O42939185,Mt4Micro2,904359,42939185,Buy,OpenNormal,EURNZD,1000.000000,0,1.594210,A,liveGBP,,Alpari.QDF.Domain.Deal
5/6/2014 8:12:59 AM,O42939185,Mt4Micro2,904359,42939185,Buy,OpenNormal,EURNZD,1000.000000,0,1.594210,A,liveGBP,,Alpari.QDF.Domain.Deal
5/6/2014 8:12:59 AM,O42939185,Mt4Micro2,904359,42939185,Buy,OpenNormal,EURNZD,1000.000000,0,1.594210,A,liveGBP,,Alpari.QDF.Domain.Deal
5/6/2014 8:13:00 AM,C33059405,Mt4Classic1,730687,33059405,Sell,ClosedNormal,NZDUSD,30000.000000,0,0.873000,A,liveUSD,[sl] ,Alpari.QDF.Domain.Deal
5/6/2014 8:13:00 AM,O42260831,Mt4Classic2,775458,42260831,Sell,OpenNormal,AUDUSD,100000.000000,0,0.930800,A,live_USD_ME_00,,Alpari.QDF.Domain.Deal
5/6/2014 8:13:00 AM,O42260831,Mt4Classic2,775458,42260831,Sell,OpenNormal,AUDUSD,100000.000000,0,0.930800,A,live_USD_ME_00,,Alpari.QDF.Domain.Deal
5/6/2014 8:13:01 AM,C42255463,Mt4Classic2,774220,42255463,Buy,ClosedNormal,NZDUSD,70000.000000,0,0.872210,A,RTL_USD_NCN_3,www.igold.hk,Alpari.QDF.Domain.Deal
